<?xml version="1.0" encoding="UTF-8" standalone="yes"?>
<!--
    (248)Yak-Town Batch Installer Manifest File
    
-->
<installer>
	<configs dir="configs">
        <config>
            <source>dir="addons"</source>
            <destination>special://userdata</source>
        </config>
		<config>
            <source>dir="media"</source>
            <destination>special://userdata</source>
        </config>
		<config>
            <source>dir="userdata"</source>
            <destination>special://userdata</source>
        </config>		
    </configs>
</installer>
