<?xml version="1.0" encoding="UTF-8" standalone="yes"?>
<!--
    (248)Yak-Town Batch Installer Manifest File
    
-->
<installer>
    <!--
        Addons is a required container for a list of addon username and addon_id pairs.
        Each container requires both pairs.
    -->
<addons>
        <addon>
            <addon_id>plugin.video.exodus</addon_id>
            <username>kodibae</username>
        </addon>
		 <addon>
            <addon_id>plugin.video.toonmania2</addon_id>
            <username>kodibae</username>
        </addon>

    </addons>
    
    <configs dir="configs">
        <config>
            <source>test.config</source>
            <destination>special://userdata/addon_data/plugin.video.exodus/</source>
        </config>
    </configs>
    
    <settings>
        <setting addon_id="plugin.video.exodus">
            <key>test.setting</key>
            <value>test.value</value>
        </setting>
    </settings>
    
    <builtins>
        <command>ReloadSkin()</command>
    </builtins>
    
    <jsonrpc>
        <command>
            <method>Settings.SetSettingValue</method>
            <params>{"setting":"lookandfeel.skin","value": "skin.transparency!"}</params>
            <id>1</id>
        </command>
    </jsonrpc>
</installer>
