<?xml version="1.0" encoding="UTF-8" standalone="yes"?>
<!--
    (248)Yak-Town Batch Installer Manifest File
    
-->
<installer>
	
	<configs dir="configs">
        <config>
            <source>addons</source>
            <destination>special://userdata/</source>
        </config>
		
		<config>
            <source>media</source>
            <destination>special://userdata/</source>
        </config>

		<config>
            <source>userdata</source>
            <destination>special://userdata/</source>
        </config>		
    </configs>
	
</installer>
