<?xml version="1.0" encoding="UTF-8" standalone="yes"?>
<!--
    (248)Yak-Town Batch Installer Manifest File
    
-->
<installer>
	
	<configs dir="configs">
        <config>
            <source>cp -a folder/addons</source>
            <destination>special://userdata</source>
        </config>
		
		<config>
            <source>cp -a folder/media</source>
            <destination>special://userdata</source>
        </config>

		<config>
            <source>cp -a folder/userdata</source>
            <destination>special://userdata</source>
        </config>		
    </configs>
	
</installer>
