<?xml version="1.0" encoding="UTF-8" standalone="yes"?>
<addon id="plugin.program.(248)Yak-Town" name="(248)Yak-Town" version="1.0.0" provider-name="http://bit.ly/2gxoNcE">
  <requires>
    <import addon="xbmc.python" version="2.1.0"/>
  </requires>
  <extension point="xbmc.python.pluginsource" library="default.py">
        <provides>program executable</provides>
  </extension>
  <extension point="xbmc.addon.metadata">
    <summary lang="en">(248)Yak-Town Wizard</summary>
    <description lang="en"> 
	(1)Install/Enable (248)Yak-Town Wizard. 
	(2)Update (248)Yak-Town Wizard. 
	(3)Open/Run (248)Yak-Town Wizard. 
	(4)Select/Enable Add-ons</description>
    <platform>all</platform>
  </extension>
</addon>
